month,weekday,hour,energy
1,0,0,145.54510576781507
1,0,1,183.67301513195918
1,0,2,152.02028529509425
1,0,3,169.20770270795185
1,0,4,241.52423453000586
1,0,5,201.76804759759008
1,0,6,387.7432081117651
1,0,7,476.2123113971593
1,0,8,375.5567303161898
1,0,9,453.8366098518235
1,0,10,351.11478408028194
1,0,11,375.3251406080518
1,0,12,508.67657147603
1,0,13,375.84295579299544
1,0,14,453.9470465303839
1,0,15,439.23833008467
1,0,16,326.65929096381853
1,0,17,366.2524106209801
1,0,18,660.7841343905673
1,0,19,516.3559887106363
1,0,20,419.4796427859202
1,0,21,355.29848717048685
1,0,22,247.48964439316313
1,0,23,171.46422312035426
1,1,0,189.02251726905098
1,1,1,173.9502637782702
1,1,2,190.3595883659938
1,1,3,181.9075141612959
1,1,4,264.79181199882345
1,1,5,231.47134000358102
1,1,6,347.97975294021774
1,1,7,351.7080009905424
1,1,8,466.1472254983506
1,1,9,518.9110552295076
1,1,10,501.6605729999516
1,1,11,499.57217618751986
1,1,12,926.5047801365135
1,1,13,467.419691997942
1,1,14,419.7142383532314
1,1,15,351.29500497841207
1,1,16,454.9133274552218
1,1,17,642.7719863107914
1,1,18,402.6733384843437
1,1,19,411.2684800602329
1,1,20,377.5537075184427
1,1,21,363.7617866938606
1,1,22,213.1357341295513
1,1,23,221.64499516475763
1,2,0,197.1922862235727
1,2,1,176.35580512431358
1,2,2,203.37248356945204
1,2,3,175.53504862899584
1,2,4,265.2406875841916
1,2,5,221.9787186180331
1,2,6,242.71115991629324
1,2,7,350.52120226177635
1,2,8,459.0862788197293
1,2,9,499.0624246989107
1,2,10,487.84611010790627
1,2,11,697.3420588212939
1,2,12,457.9841959018185
1,2,13,421.0490538408717
1,2,14,474.54164770865964
1,2,15,347.6534580503328
1,2,16,378.3212234820637
1,2,17,1110.3873248857074
1,2,18,725.3114627619477
1,2,19,685.6329301682133
1,2,20,810.279366809934
1,2,21,534.0592665378689
1,2,22,330.14086677421506
1,2,23,256.44795425587336
1,3,0,171.559836515854
1,3,1,189.57170959196714
1,3,2,192.0145288917496
1,3,3,188.38848091715158
1,3,4,262.91224607464585
1,3,5,208.0485750374084
1,3,6,293.773041173392
1,3,7,526.12355043974
1,3,8,532.8967537835089
1,3,9,655.4992695581102
1,3,10,466.7132076976301
1,3,11,388.7868607384171
1,3,12,489.7199338529346
1,3,13,630.7227761289291
1,3,14,356.8015529429048
1,3,15,316.3303357786848
1,3,16,279.59227260773264
1,3,17,312.3703488115169
1,3,18,272.51887112885504
1,3,19,308.0744935254465
1,3,20,272.56500112234767
1,3,21,265.05707874146646
1,3,22,207.53609279144092
1,3,23,220.13131704812008
1,4,0,199.4043039153919
1,4,1,158.5160506984199
1,4,2,190.79395819299788
1,4,3,157.41615439684813
1,4,4,166.58202003152726
1,4,5,342.1635099596912
1,4,6,221.85106048632824
1,4,7,645.739515111455
1,4,8,338.1527659814535
1,4,9,518.1663931500129
1,4,10,1244.1367042465095
1,4,11,669.5191143237629
1,4,12,321.84012108469295
1,4,13,581.8760597283856
1,4,14,319.46794850382696
1,4,15,296.9409241238977
1,4,16,369.9185263662509
1,4,17,390.15564098159825
1,4,18,299.19846848068767
1,4,19,370.17102972912727
1,4,20,382.6825794727052
1,4,21,331.2987680767398
1,4,22,260.9215354281892
1,4,23,153.51649713614813
1,5,0,199.99004419578714
1,5,1,138.0562811505878
1,5,2,153.79768503638167
1,5,3,141.33014042355418
1,5,4,139.20320274326775
1,5,5,146.59254903124784
1,5,6,153.3340265845463
1,5,7,226.47338296803974
1,5,8,345.75944456130964
1,5,9,447.226781083337
1,5,10,597.2509913991782
1,5,11,244.1622696843167
1,5,12,271.30796289150214
1,5,13,257.4020629144825
1,5,14,272.540062171123
1,5,15,467.7195177173121
1,5,16,276.9991589900452
1,5,17,195.39590174309058
1,5,18,290.14737191510864
1,5,19,213.1831555207618
1,5,20,255.1428445498248
1,5,21,260.11519865070744
1,5,22,202.55585576352223
1,5,23,133.22303258930208
1,6,0,171.16107092779524
1,6,1,139.16626922780955
1,6,2,168.7072686904235
1,6,3,158.9456352802314
1,6,4,167.00392669239724
1,6,5,148.16220886888485
1,6,6,159.28665858769233
1,6,7,253.33898769286554
1,6,8,281.3566947414439
1,6,9,502.779971932266
1,6,10,351.2863798786484
1,6,11,406.754155942192
1,6,12,668.0751279089047
1,6,13,456.2581113892395
1,6,14,367.00152172968694
1,6,15,355.46482094073997
1,6,16,362.37720097080967
1,6,17,489.02737183920306
1,6,18,763.0570239111026
1,6,19,444.3760242908803
1,6,20,385.47378306205553
1,6,21,294.56840867424086
1,6,22,198.00745731353288
1,6,23,137.35852114217914
2,0,0,144.5771314051225
2,0,1,137.09029662141802
2,0,2,116.91038834957286
2,0,3,124.36452723577148
2,0,4,231.16430208452658
2,0,5,174.03070132031138
2,0,6,287.9699240413827
2,0,7,464.4959891459267
2,0,8,426.8465606696154
2,0,9,453.6277540565875
2,0,10,533.9824997921557
2,0,11,291.8504202276847
2,0,12,1126.7739600724967
2,0,13,1188.4740608187376
2,0,14,587.6692313513416
2,0,15,375.19287188279253
2,0,16,341.6526545417888
2,0,17,314.97036778257865
2,0,18,255.44722654212185
2,0,19,260.41943101009656
2,0,20,328.7133978372573
2,0,21,211.5012579606489
2,0,22,126.82286145933156
2,0,23,160.78206630135819
2,1,0,123.68490630114368
2,1,1,136.41943953672364
2,1,2,130.87611639277975
2,1,3,117.70608213255389
2,1,4,202.0869340192537
2,1,5,213.20851532922617
2,1,6,380.92178114702006
2,1,7,348.1434996347745
2,1,8,308.7117162754532
2,1,9,362.24391057538685
2,1,10,325.43935720998377
2,1,11,363.59131920181994
2,1,12,472.15411021885996
2,1,13,357.6620055994423
2,1,14,283.8259957497505
2,1,15,295.6362867337799
2,1,16,314.4533666686776
2,1,17,257.37827255908024
2,1,18,278.9215672475249
2,1,19,391.1263302507055
2,1,20,355.41271019757585
2,1,21,264.87602491594987
2,1,22,151.10877846775372
2,1,23,107.44358709933203
2,2,0,159.81918499070878
2,2,1,121.23274615839307
2,2,2,115.76249067772281
2,2,3,121.87166134196573
2,2,4,206.17297679394463
2,2,5,221.70317822734805
2,2,6,277.4487180994961
2,2,7,436.59905000145864
2,2,8,767.7505123068731
2,2,9,350.28863246951346
2,2,10,527.3329099408526
2,2,11,639.4183029911015
2,2,12,645.3730164389425
2,2,13,491.6013315463939
2,2,14,296.1819231844744
2,2,15,361.1592182751025
2,2,16,269.1896684230129
2,2,17,247.31055369235375
2,2,18,272.36765511299
2,2,19,229.09531443986464
2,2,20,261.9130883583626
2,2,21,216.31758269013872
2,2,22,135.6599560651802
2,2,23,111.69802022448708
2,3,0,131.57182067287394
2,3,1,107.25990148159138
2,3,2,125.17276829014673
2,3,3,125.69318940106363
2,3,4,181.85304049908356
2,3,5,149.30484868529578
2,3,6,358.3245832311061
2,3,7,389.6856228800543
2,3,8,707.5400356704322
2,3,9,322.6946221110413
2,3,10,339.7380549040844
2,3,11,330.2517010258699
2,3,12,518.2002519001475
2,3,13,477.5066149444589
2,3,14,288.922807160118
2,3,15,259.9233867500245
2,3,16,287.56533206364463
2,3,17,238.0943316225934
2,3,18,359.7478823616998
2,3,19,407.972473687533
2,3,20,353.2264284666744
2,3,21,313.9834598183148
2,3,22,139.57572459816453
2,3,23,111.24731185188749
2,4,0,114.6485165786336
2,4,1,139.37797583019335
2,4,2,112.85724633220468
2,4,3,133.6461785028635
2,4,4,133.50089235736868
2,4,5,203.46024418586444
2,4,6,288.17865156661423
2,4,7,366.0648701948435
2,4,8,364.6596328226519
2,4,9,405.24007594641745
2,4,10,357.2363299400391
2,4,11,288.6742157629017
2,4,12,535.3397156942932
2,4,13,503.0723373012547
2,4,14,428.3881007223141
2,4,15,349.04534267506347
2,4,16,377.65648949019726
2,4,17,300.16761821277964
2,4,18,253.91868217782923
2,4,19,248.6951131603771
2,4,20,261.89413148462194
2,4,21,172.85340288868952
2,4,22,135.92336427057933
2,4,23,129.3670825070691
2,5,0,140.29773463788416
2,5,1,129.5305234034845
2,5,2,141.86775987826988
2,5,3,167.2299807933984
2,5,4,135.26781789265215
2,5,5,141.70986178846098
2,5,6,197.27934206991978
2,5,7,240.1118506850653
2,5,8,292.77115219798156
2,5,9,402.24135034996743
2,5,10,345.6890979067057
2,5,11,490.6811171013453
2,5,12,210.52071438109658
2,5,13,237.15615820450103
2,5,14,191.11314623139555
2,5,15,150.21083199109282
2,5,16,202.34570173992506
2,5,17,192.0273483259347
2,5,18,229.72822038869776
2,5,19,264.54778143319066
2,5,20,242.4032776990269
2,5,21,226.62240023480476
2,5,22,163.42580261419516
2,5,23,131.15461113205276
2,6,0,138.05896473223308
2,6,1,117.7598952576485
2,6,2,141.983865559077
2,6,3,139.8449812195189
2,6,4,117.50114822590353
2,6,5,160.26584843562182
2,6,6,133.87797755603444
2,6,7,260.6583511719861
2,6,8,614.3559110997311
2,6,9,460.62250028763424
2,6,10,792.1659225429868
2,6,11,460.19899293636354
2,6,12,216.9221690508332
2,6,13,187.3282682480943
2,6,14,407.7093021581204
2,6,15,261.8195328723529
2,6,16,334.3426338732896
2,6,17,452.48166367500255
2,6,18,336.0495668042812
2,6,19,276.47642016061826
2,6,20,330.56335372779233
2,6,21,267.6362898780045
2,6,22,149.1073963491493
2,6,23,130.72609145701904
3,0,0,113.51417388173041
3,0,1,147.16111867154558
3,0,2,120.88346748726293
3,0,3,124.33189137989383
3,0,4,178.69102082198233
3,0,5,202.051172158659
3,0,6,337.4706966737519
3,0,7,1064.7473294309902
3,0,8,502.8906694498011
3,0,9,1394.063130898705
3,0,10,554.6192556573162
3,0,11,988.6809720334985
3,0,12,726.1795752617078
3,0,13,596.8780844804182
3,0,14,606.2956862061966
3,0,15,266.76680632593155
3,0,16,308.53804454880196
3,0,17,281.7533169451044
3,0,18,289.2334912234441
3,0,19,298.4187889820488
3,0,20,316.49194777531403
3,0,21,254.69787206263365
3,0,22,174.62547677385973
3,0,23,111.93583645676898
3,1,0,130.18676776054454
3,1,1,103.89744469814289
3,1,2,117.76196114473163
3,1,3,133.20231179261728
3,1,4,178.16865754582193
3,1,5,197.99054559080784
3,1,6,294.62862904111245
3,1,7,462.43530028822715
3,1,8,348.4459614846097
3,1,9,421.96054204851464
3,1,10,330.61762364411317
3,1,11,256.71038381770023
3,1,12,321.95193710544766
3,1,13,226.46023174585065
3,1,14,343.2507715942729
3,1,15,242.6047237030089
3,1,16,207.95717064052292
3,1,17,197.29971547671988
3,1,18,321.45163427410716
3,1,19,322.4804172455364
3,1,20,308.7581535349518
3,1,21,226.36995263382613
3,1,22,181.1620019435348
3,1,23,114.5715457351578
3,2,0,115.05614223808402
3,2,1,121.81327774316854
3,2,2,115.11466809687258
3,2,3,139.70872516680453
3,2,4,179.14304681519891
3,2,5,204.12273425825876
3,2,6,212.24123548455657
3,2,7,513.215928865724
3,2,8,432.7296591891187
3,2,9,335.6832693243693
3,2,10,330.7520669176593
3,2,11,2421.299745100065
3,2,12,2525.6298779173812
3,2,13,2484.5531558366433
3,2,14,1282.5886807408651
3,2,15,1254.9067643580229
3,2,16,447.7084971818578
3,2,17,279.3643392328287
3,2,18,430.51508695936633
3,2,19,330.32512964500575
3,2,20,288.6548090214317
3,2,21,294.3275963794595
3,2,22,223.5301674613679
3,2,23,157.55089882935496
3,3,0,126.3068920839532
3,3,1,124.15513939982668
3,3,2,129.37352558316456
3,3,3,120.52588571041727
3,3,4,200.02120326489728
3,3,5,236.64619291433792
3,3,6,237.5114792838675
3,3,7,403.75529367076376
3,3,8,329.4113490002748
3,3,9,423.61265087277843
3,3,10,346.22458744765294
3,3,11,233.8514208669824
3,3,12,357.6075848927781
3,3,13,294.7633449637563
3,3,14,350.1249110182862
3,3,15,269.2093317442111
3,3,16,320.4097709661427
3,3,17,268.6714865041971
3,3,18,291.8589877173711
3,3,19,289.8170249698398
3,3,20,319.6135911692387
3,3,21,287.13190080328513
3,3,22,164.53258425886642
3,3,23,121.06251952560127
3,4,0,140.46333314454117
3,4,1,117.30810418973806
3,4,2,119.63261534607236
3,4,3,119.14867917918754
3,4,4,131.04167690015004
3,4,5,203.7071573666454
3,4,6,272.456718319263
3,4,7,465.69918639218315
3,4,8,380.91883246248534
3,4,9,395.1766732416437
3,4,10,778.1160989493694
3,4,11,1115.0459342907025
3,4,12,636.4942856425537
3,4,13,374.1156204044155
3,4,14,343.2498889647739
3,4,15,386.7310719059468
3,4,16,586.8353874473383
3,4,17,537.3523703333792
3,4,18,426.00064044137577
3,4,19,355.53445117881495
3,4,20,357.50828606449767
3,4,21,416.6046759424818
3,4,22,336.8972024923322
3,4,23,238.4224033553034
3,5,0,145.53784861462822
3,5,1,148.034536894302
3,5,2,141.74489851247995
3,5,3,117.04423483816295
3,5,4,122.97382528371227
3,5,5,157.04903131254014
3,5,6,175.17224877977014
3,5,7,219.7539893508293
3,5,8,723.7888936389242
3,5,9,1417.323633467526
3,5,10,2242.156662738713
3,5,11,1948.1967019258736
3,5,12,1631.7188748257756
3,5,13,799.1535523003627
3,5,14,965.6648798297997
3,5,15,767.5813227313432
3,5,16,648.9344944085959
3,5,17,419.1720697380458
3,5,18,658.9695700926416
3,5,19,349.38669463026645
3,5,20,415.98668373564976
3,5,21,290.4060311112047
3,5,22,259.564867232285
3,5,23,153.35481821673045
3,6,0,152.48433195682225
3,6,1,144.91465768858467
3,6,2,136.78207809857918
3,6,3,122.82096650245751
3,6,4,159.82712448597042
3,6,5,136.02108302793476
3,6,6,156.39486551845408
3,6,7,212.83845790786182
3,6,8,565.1043972556713
3,6,9,1173.6047437735017
3,6,10,892.3674792172235
3,6,11,572.5020666643107
3,6,12,363.6016550983403
3,6,13,394.747725508991
3,6,14,189.67405268521705
3,6,15,144.71646784530057
3,6,16,265.70182218627536
3,6,17,426.5899910200144
3,6,18,287.2662687410528
3,6,19,330.99430259053906
3,6,20,274.70803542879923
3,6,21,204.80507029681974
3,6,22,145.24233775288593
3,6,23,123.81823163222238
4,0,0,138.14129860677392
4,0,1,125.396525360625
4,0,2,144.00144498385768
4,0,3,148.11778473847244
4,0,4,187.15956884923392
4,0,5,290.7001724778374
4,0,6,263.9215206750937
4,0,7,365.9945059092869
4,0,8,447.2836057318919
4,0,9,348.908977874809
4,0,10,400.13571920351853
4,0,11,406.29193684990497
4,0,12,378.34365567855
4,0,13,376.55509927237614
4,0,14,251.19609630521916
4,0,15,216.53666690224304
4,0,16,251.42919036020555
4,0,17,311.1199245347874
4,0,18,329.1361582933074
4,0,19,255.4267561104142
4,0,20,272.9873134365344
4,0,21,213.00877635992032
4,0,22,142.8327787409023
4,0,23,163.09823728746605
4,1,0,133.98246386670885
4,1,1,129.11367492742232
4,1,2,130.2112094646243
4,1,3,134.3705041055115
4,1,4,184.30836206332205
4,1,5,225.34247245385222
4,1,6,410.48794937110534
4,1,7,351.89371717940753
4,1,8,338.8756870767203
4,1,9,274.73805600321816
4,1,10,347.50081814239564
4,1,11,369.93389036279564
4,1,12,468.57212638778645
4,1,13,451.52537997594897
4,1,14,432.04061357497443
4,1,15,493.4293465799619
4,1,16,303.6014313085557
4,1,17,642.0749463102701
4,1,18,289.37426773575777
4,1,19,259.5646818274556
4,1,20,254.09060904499347
4,1,21,246.10571949894364
4,1,22,179.9028289268525
4,1,23,161.20699646248445
4,2,0,133.73178780224538
4,2,1,145.62907261957352
4,2,2,120.25694326475384
4,2,3,149.06465536966422
4,2,4,192.22303465569058
4,2,5,254.47650987677883
4,2,6,257.24445679930693
4,2,7,309.47349244053805
4,2,8,260.58905587680033
4,2,9,232.94245236256137
4,2,10,207.05710232802264
4,2,11,405.58978046685394
4,2,12,373.36874628270283
4,2,13,340.2612974447215
4,2,14,204.67536912073936
4,2,15,157.23431260764733
4,2,16,207.77963159618395
4,2,17,208.33869318077984
4,2,18,216.19531513863078
4,2,19,286.7930778235037
4,2,20,277.2454672251399
4,2,21,220.56423408156132
4,2,22,166.49495775866706
4,2,23,118.72636281565028
4,3,0,140.07696924778543
4,3,1,126.40172557764217
4,3,2,126.144554421983
4,3,3,161.02468967606362
4,3,4,187.93755744721108
4,3,5,207.39226957466695
4,3,6,404.8091741008099
4,3,7,309.0045689369986
4,3,8,312.90513053091706
4,3,9,340.1120439203683
4,3,10,418.238303593468
4,3,11,728.0587081542565
4,3,12,391.0896370882159
4,3,13,319.099851008193
4,3,14,311.6755031944062
4,3,15,241.67376703282685
4,3,16,409.74191661377364
4,3,17,325.46873997360944
4,3,18,613.3987657555629
4,3,19,356.92825959521645
4,3,20,345.49225250348104
4,3,21,257.8715627362468
4,3,22,209.60624101590557
4,3,23,136.68373184405203
4,4,0,125.69336618774204
4,4,1,117.7390783843444
4,4,2,124.27534013712346
4,4,3,133.3639731897576
4,4,4,135.46449374492576
4,4,5,203.25045993994442
4,4,6,320.1878835083352
4,4,7,389.0180442905025
4,4,8,419.6824806259535
4,4,9,408.85793634046763
4,4,10,235.35775741632114
4,4,11,390.39769738449775
4,4,12,480.2298562934764
4,4,13,256.4765765709209
4,4,14,222.08054344918963
4,4,15,215.2332509829513
4,4,16,235.19339693579562
4,4,17,325.5631802659526
4,4,18,285.7996134416119
4,4,19,290.3022385725922
4,4,20,340.0107407325625
4,4,21,314.94164533601577
4,4,22,210.48735340734885
4,4,23,135.18542072448048
4,5,0,154.18544877488162
4,5,1,141.12745604422958
4,5,2,154.4070972230975
4,5,3,129.89013198745286
4,5,4,147.42689339377952
4,5,5,140.7807233461767
4,5,6,160.23870639913008
4,5,7,280.6898300733784
4,5,8,1272.0519610780834
4,5,9,1017.3713717616422
4,5,10,921.5023775557489
4,5,11,291.45939584975616
4,5,12,601.3344280148302
4,5,13,644.2268280813205
4,5,14,314.2663061503588
4,5,15,486.40210473084807
4,5,16,252.88527551436678
4,5,17,606.7295432892739
4,5,18,556.4791299603362
4,5,19,411.7107436002322
4,5,20,296.6856209081805
4,5,21,272.5105187958189
4,5,22,206.19580127605988
4,5,23,162.1652301134919
4,6,0,139.3142847859885
4,6,1,158.72196101903648
4,6,2,131.62561513755702
4,6,3,142.92137690850728
4,6,4,144.88605374335756
4,6,5,133.38203620978084
4,6,6,177.09675924459907
4,6,7,330.7499828427225
4,6,8,559.9100686863947
4,6,9,435.49690403728766
4,6,10,502.8535467305245
4,6,11,322.36414312781756
4,6,12,906.8403550828062
4,6,13,343.4224765878332
4,6,14,288.8643990046986
4,6,15,880.9153244706241
4,6,16,488.0215333432237
4,6,17,548.6192371113607
4,6,18,518.5403108399464
4,6,19,298.2623498568828
4,6,20,259.8412586555231
4,6,21,207.59692846209424
4,6,22,151.24219258494577
4,6,23,123.61185587712846
5,0,0,132.3676273364803
5,0,1,127.95301791560757
5,0,2,133.22273172203816
5,0,3,117.75220783328108
5,0,4,152.2372146780269
5,0,5,235.7973353247363
5,0,6,380.67022105438605
5,0,7,716.8835476222293
5,0,8,731.2472867181241
5,0,9,537.5494980750996
5,0,10,500.3075438639023
5,0,11,583.6448511001704
5,0,12,538.5854993194341
5,0,13,570.6544819282021
5,0,14,579.4112567198124
5,0,15,292.8427769523646
5,0,16,316.2078982007919
5,0,17,379.3878105715319
5,0,18,438.62220849139925
5,0,19,402.4163080365855
5,0,20,252.13694945348993
5,0,21,239.11567410752625
5,0,22,178.40592519351392
5,0,23,142.21499388891525
5,1,0,159.763894818177
5,1,1,139.20863781916879
5,1,2,155.08121493396376
5,1,3,128.87415099288006
5,1,4,174.48426344383705
5,1,5,287.641022722512
5,1,6,458.12704450930613
5,1,7,403.8090738152582
5,1,8,466.83732861614607
5,1,9,452.9203936721165
5,1,10,534.7633259375417
5,1,11,469.1486138207623
5,1,12,486.2466758120736
5,1,13,529.3068129641955
5,1,14,386.5942503995953
5,1,15,406.1145272735173
5,1,16,470.5958102788494
5,1,17,678.5333928248625
5,1,18,428.0987970016712
5,1,19,328.18934339168237
5,1,20,293.0295103247804
5,1,21,300.90968583908875
5,1,22,195.7169712815057
5,1,23,134.13443054114646
5,2,0,182.00963438831923
5,2,1,127.12428259943742
5,2,2,173.34796405573798
5,2,3,144.35065803487885
5,2,4,170.74145320640355
5,2,5,311.0848887722497
5,2,6,431.80653825343904
5,2,7,503.6170282942395
5,2,8,383.26241003237715
5,2,9,342.32824380705836
5,2,10,426.83610576660834
5,2,11,539.2820471077086
5,2,12,382.63190717556154
5,2,13,383.9513844407113
5,2,14,449.33755948815605
5,2,15,334.20575033136834
5,2,16,317.2345901766953
5,2,17,371.1861929529523
5,2,18,453.67255662315665
5,2,19,332.9045450102043
5,2,20,257.73373912168097
5,2,21,222.4732968249691
5,2,22,162.41198552544773
5,2,23,163.60938454318585
5,3,0,124.08644777012528
5,3,1,136.4858979733684
5,3,2,127.40204570854314
5,3,3,131.95986895606237
5,3,4,135.09499537242982
5,3,5,185.79919613789616
5,3,6,242.31352836454596
5,3,7,442.5331752329246
5,3,8,479.6232761639302
5,3,9,547.2136437093416
5,3,10,480.7952891160659
5,3,11,409.92191297108616
5,3,12,519.200064747148
5,3,13,817.4202828853458
5,3,14,503.4802577368083
5,3,15,409.01135718661834
5,3,16,341.42760146573283
5,3,17,524.1868768510258
5,3,18,737.9116788753233
5,3,19,339.5607089280438
5,3,20,350.5765048202646
5,3,21,335.778593456202
5,3,22,289.8549058809516
5,3,23,217.64520437966132
5,4,0,143.20456850558045
5,4,1,140.49384082401832
5,4,2,126.59498471249273
5,4,3,136.5344532892434
5,4,4,136.37475658866643
5,4,5,205.7429823561498
5,4,6,434.3280214986768
5,4,7,414.487128745467
5,4,8,417.3747102891491
5,4,9,392.4717187213574
5,4,10,532.4001407978453
5,4,11,457.44273823570416
5,4,12,393.5383833485603
5,4,13,504.2142303381522
5,4,14,487.6040559095775
5,4,15,357.01952435505234
5,4,16,458.60502664632844
5,4,17,470.0634306930041
5,4,18,334.0851689937805
5,4,19,320.1902196823005
5,4,20,304.50072963584626
5,4,21,286.0180257621121
5,4,22,243.00750857361885
5,4,23,172.8416324857882
5,5,0,166.85960709499523
5,5,1,122.531034977905
5,5,2,122.52909555288407
5,5,3,118.49218911453228
5,5,4,132.18579882365634
5,5,5,125.738406935677
5,5,6,201.32640792728427
5,5,7,773.4624941153519
5,5,8,2301.303470097956
5,5,9,1385.422987345509
5,5,10,991.461822322874
5,5,11,905.744781485447
5,5,12,338.3642848193957
5,5,13,453.2127745023947
5,5,14,639.9589757748126
5,5,15,421.1918985003132
5,5,16,810.4696578762903
5,5,17,409.5356731227283
5,5,18,417.3106522745786
5,5,19,243.66896630424634
5,5,20,279.41783703891286
5,5,21,234.0069584227261
5,5,22,245.17975003087727
5,5,23,186.94167228642036
5,6,0,145.4863966021764
5,6,1,135.92125680439779
5,6,2,137.4879537340953
5,6,3,116.2172200883201
5,6,4,129.2083669703865
5,6,5,115.33173324381599
5,6,6,153.89784421743798
5,6,7,721.9267396138339
5,6,8,796.1779825927877
5,6,9,606.4052853605104
5,6,10,398.6070140520237
5,6,11,261.1910852174125
5,6,12,292.8750694992137
5,6,13,471.8060980061198
5,6,14,475.3725454041809
5,6,15,441.9584251410291
5,6,16,361.3202635387926
5,6,17,230.06976073129866
5,6,18,542.5392150438116
5,6,19,409.5887821802044
5,6,20,291.4501972629881
5,6,21,182.7966000729225
5,6,22,161.76511928473565
5,6,23,136.8095754141761
6,0,0,149.60933004522565
6,0,1,128.74729057180025
6,0,2,147.27611488864997
6,0,3,137.6328914123709
6,0,4,149.34665792013465
6,0,5,148.55571830200026
6,0,6,282.7227089474732
6,0,7,459.5537194742009
6,0,8,516.8409299662212
6,0,9,513.6778565458197
6,0,10,651.6617305780942
6,0,11,533.509962556537
6,0,12,775.6829787909396
6,0,13,660.9129790247341
6,0,14,530.8683590709187
6,0,15,523.48764786451
6,0,16,654.0437841651736
6,0,17,935.2851902747636
6,0,18,714.713357111734
6,0,19,276.51077972112773
6,0,20,285.7261500247948
6,0,21,166.89921167883074
6,0,22,129.25778034440623
6,0,23,138.14017389782026
6,1,0,120.25651849490909
6,1,1,133.07352718884144
6,1,2,119.46213403632079
6,1,3,134.30626449699153
6,1,4,118.77235123247414
6,1,5,280.000750621532
6,1,6,423.3603325505185
6,1,7,446.4003793342979
6,1,8,458.0479544355158
6,1,9,501.9835085191226
6,1,10,556.0613999642696
6,1,11,562.7396255367406
6,1,12,581.01042141527
6,1,13,576.5126107222986
6,1,14,512.0397563094198
6,1,15,426.347789884414
6,1,16,470.37866914606064
6,1,17,772.7469339809311
6,1,18,583.9444368191238
6,1,19,518.6984699433073
6,1,20,286.2110031321446
6,1,21,184.1729573446708
6,1,22,174.91936895718882
6,1,23,121.01986288866993
6,2,0,138.6956044166168
6,2,1,127.80885023552258
6,2,2,137.74378460059967
6,2,3,145.93227742280456
6,2,4,139.7571525681114
6,2,5,250.2342490323154
6,2,6,484.7681827877485
6,2,7,463.351544480784
6,2,8,601.5299069667456
6,2,9,611.1985075175927
6,2,10,887.9824295092905
6,2,11,705.7651146384253
6,2,12,502.50347658831436
6,2,13,574.493177324332
6,2,14,520.5668425402042
6,2,15,587.7158904403909
6,2,16,817.1937348149288
6,2,17,616.2690344257942
6,2,18,654.1662045613266
6,2,19,352.90011688085804
6,2,20,251.68694747695793
6,2,21,207.84937406787273
6,2,22,166.81915707585677
6,2,23,168.2337237354472
6,3,0,141.10849860197757
6,3,1,140.72419825869957
6,3,2,118.51595279650996
6,3,3,159.89375782300277
6,3,4,128.8727255722382
6,3,5,272.849847341681
6,3,6,457.6729368752285
6,3,7,521.0450910392644
6,3,8,443.279177443545
6,3,9,850.1778022189711
6,3,10,633.6503575290301
6,3,11,758.3429715540351
6,3,12,657.4099230957922
6,3,13,555.4970708095202
6,3,14,557.2291685160819
6,3,15,578.5507625475486
6,3,16,688.8196698399507
6,3,17,1077.9809764327204
6,3,18,1066.9289009690417
6,3,19,870.2955784135348
6,3,20,255.00034207396934
6,3,21,252.80710393232818
6,3,22,150.3653401305843
6,3,23,152.3739021797665
6,4,0,122.85702377401827
6,4,1,127.49217909164742
6,4,2,134.2667616732243
6,4,3,126.56292286898106
6,4,4,147.6766892676712
6,4,5,198.6641065612576
6,4,6,295.5173433107078
6,4,7,443.5171536164878
6,4,8,496.4583319320295
6,4,9,480.7967341525102
6,4,10,498.80577956282195
6,4,11,670.8471409577551
6,4,12,1140.973853879248
6,4,13,767.3593134722064
6,4,14,655.3851356413116
6,4,15,544.6622474274642
6,4,16,903.572915986053
6,4,17,453.21775037445354
6,4,18,749.0234605345803
6,4,19,455.6041731764911
6,4,20,242.76764828815118
6,4,21,213.73864466679817
6,4,22,141.90233166597596
6,4,23,156.14881884420748
6,5,0,126.22647190607945
6,5,1,142.65861135720937
6,5,2,132.99769411795307
6,5,3,138.1993985702278
6,5,4,121.59778672255095
6,5,5,162.6252319037803
6,5,6,301.67279178799856
6,5,7,348.5626864910392
6,5,8,739.6328879857454
6,5,9,658.177029864078
6,5,10,951.7252697122254
6,5,11,507.9265480007466
6,5,12,740.4636474783172
6,5,13,477.2913556028521
6,5,14,476.67050790724966
6,5,15,662.7214835917208
6,5,16,459.46621178385624
6,5,17,343.3544530850315
6,5,18,443.60452314501254
6,5,19,398.5377972134887
6,5,20,183.87086106470733
6,5,21,191.6890656788938
6,5,22,150.31248019536605
6,5,23,127.45847608075817
6,6,0,118.65615729080452
6,6,1,134.6129461334137
6,6,2,131.57282208534997
6,6,3,129.46554011626756
6,6,4,120.70139295287231
6,6,5,138.11386540559275
6,6,6,251.79399756432235
6,6,7,523.5140552550201
6,6,8,568.3227656481907
6,6,9,467.47717257847785
6,6,10,426.18697094148206
6,6,11,413.1104042117447
6,6,12,410.8546692997675
6,6,13,488.7500422425312
6,6,14,534.7392040218335
6,6,15,691.4579126866656
6,6,16,825.702357561885
6,6,17,472.2171452668249
6,6,18,558.8115864675253
6,6,19,539.645438827223
6,6,20,260.66343054677367
6,6,21,222.73369664024625
6,6,22,148.95393472044407
6,6,23,150.14723781109717
7,0,0,119.9478189130285
7,0,1,133.8172263546427
7,0,2,130.22341744723542
7,0,3,140.12507491444998
7,0,4,191.0952542518885
7,0,5,264.74747125879423
7,0,6,442.2412003763385
7,0,7,612.452377606452
7,0,8,432.8716799294906
7,0,9,430.1834268439346
7,0,10,446.1302201351026
7,0,11,834.8547310990205
7,0,12,1003.288689585276
7,0,13,564.2426933343431
7,0,14,540.9087239054529
7,0,15,722.2326139902722
7,0,16,556.0060408412347
7,0,17,548.5046756506147
7,0,18,670.0257547042286
7,0,19,512.8703065721342
7,0,20,177.7357357842903
7,0,21,155.3215865243543
7,0,22,163.65717988295535
7,0,23,136.76760742547856
7,1,0,140.22466830202012
7,1,1,124.74885844468554
7,1,2,142.37436440216135
7,1,3,122.26375295023303
7,1,4,129.8381091712681
7,1,5,404.5862809553395
7,1,6,683.7312619147663
7,1,7,603.4640661131588
7,1,8,587.8640049870774
7,1,9,584.1623031659456
7,1,10,610.1851241696461
7,1,11,767.2484119277486
7,1,12,782.6903668715155
7,1,13,729.4611247458683
7,1,14,498.7831392875752
7,1,15,562.6260179830367
7,1,16,1114.3302138614886
7,1,17,1434.1400302812294
7,1,18,936.8982370905441
7,1,19,707.8974174023601
7,1,20,236.2822047840853
7,1,21,175.28973805638304
7,1,22,169.19067861760334
7,1,23,161.70156013218622
7,2,0,136.3331444507498
7,2,1,133.59460004642065
7,2,2,125.02190048861337
7,2,3,138.52715292208688
7,2,4,170.70676712892697
7,2,5,192.4074041368827
7,2,6,305.51431873261197
7,2,7,721.230795986128
7,2,8,1474.8475358971182
7,2,9,1692.0204376146473
7,2,10,1536.0173451833602
7,2,11,818.4202664273689
7,2,12,588.770353958406
7,2,13,531.9832028581302
7,2,14,529.2991486871604
7,2,15,554.9775872111755
7,2,16,644.5263528073879
7,2,17,1081.497857490092
7,2,18,724.2915757371917
7,2,19,439.2259853154826
7,2,20,260.03030126617296
7,2,21,164.22333367898113
7,2,22,143.57454914832044
7,2,23,163.08111001383833
7,3,0,139.92278041739357
7,3,1,152.48744888623284
7,3,2,150.35968344221982
7,3,3,147.39779757883207
7,3,4,148.4567284106558
7,3,5,271.19563582487626
7,3,6,373.53671777253777
7,3,7,583.3303668305624
7,3,8,564.1069687250517
7,3,9,579.0198893492288
7,3,10,684.4154512905089
7,3,11,604.1231120321723
7,3,12,575.2067445545953
7,3,13,545.7396003136271
7,3,14,509.3461959390367
7,3,15,508.6508228794366
7,3,16,722.048342790243
7,3,17,655.6964638417812
7,3,18,545.2919962608551
7,3,19,385.4323484004054
7,3,20,241.21266494406382
7,3,21,157.72146210146744
7,3,22,162.1468785666145
7,3,23,144.49993309916542
7,4,0,142.07896901182318
7,4,1,153.74337561357834
7,4,2,147.32639909718364
7,4,3,163.10774640819898
7,4,4,168.169741839555
7,4,5,277.05339136950363
7,4,6,496.3995000239321
7,4,7,707.8325209261699
7,4,8,513.1899401427038
7,4,9,566.4314709889329
7,4,10,582.565926484936
7,4,11,965.0925440711235
7,4,12,842.3582200682193
7,4,13,653.9985885416912
7,4,14,930.3791631055163
7,4,15,724.2802213564564
7,4,16,534.2859370629798
7,4,17,695.3794379071574
7,4,18,778.8043585437365
7,4,19,549.5811052716613
7,4,20,273.7690771186483
7,4,21,268.3958931170183
7,4,22,180.21788478631987
7,4,23,170.55802221370138
7,5,0,125.00858373591886
7,5,1,160.98103966944865
7,5,2,134.59653172521084
7,5,3,138.90183286779614
7,5,4,131.77146387414885
7,5,5,207.502181059615
7,5,6,422.6260292182917
7,5,7,595.5576618221849
7,5,8,916.856201520661
7,5,9,631.6524081050215
7,5,10,1016.2079777307899
7,5,11,949.8802527400142
7,5,12,1001.7140690114607
7,5,13,933.1508195971398
7,5,14,696.7381203115858
7,5,15,764.8160377361553
7,5,16,1079.4301383953984
7,5,17,1075.1575965619395
7,5,18,893.7844054810028
7,5,19,417.555570076986
7,5,20,295.5865772664828
7,5,21,265.13065211823516
7,5,22,241.32318675067114
7,5,23,171.3614903510138
7,6,0,154.50573505448597
7,6,1,181.80355443930236
7,6,2,157.88175105550727
7,6,3,152.04921513826818
7,6,4,154.39064106283442
7,6,5,187.4212802784564
7,6,6,287.34757349439053
7,6,7,853.4478902581695
7,6,8,1114.536293401581
7,6,9,889.1386923708246
7,6,10,542.9931274970739
7,6,11,511.1088545685678
7,6,12,488.6006886343047
7,6,13,655.2933677915605
7,6,14,686.945742793429
7,6,15,603.8485178311358
7,6,16,1210.7647304344632
7,6,17,576.8102431299243
7,6,18,1382.785091730997
7,6,19,532.8096449785809
7,6,20,222.7838185193484
7,6,21,184.54569554581713
7,6,22,129.69225919769124
7,6,23,156.2341852753016
8,0,0,133.62539437919838
8,0,1,136.7345455612901
8,0,2,122.77998325412482
8,0,3,147.43009717877533
8,0,4,176.19028522108687
8,0,5,249.56696299407918
8,0,6,376.16588700232614
8,0,7,510.7801690472743
8,0,8,839.2641158235278
8,0,9,687.9644697622992
8,0,10,726.1485461630762
8,0,11,1717.4915549744082
8,0,12,769.4085779657426
8,0,13,610.9561943257718
8,0,14,647.5426434350986
8,0,15,670.0603979348712
8,0,16,615.0814418507578
8,0,17,728.38564127666
8,0,18,495.2785858365022
8,0,19,345.63508708297
8,0,20,316.2533754430566
8,0,21,202.72305073803267
8,0,22,139.84394685315078
8,0,23,150.08072545488653
8,1,0,130.3975471963975
8,1,1,142.26590412711062
8,1,2,133.92237074029686
8,1,3,147.65818237078435
8,1,4,154.49044738047382
8,1,5,256.1739307722845
8,1,6,422.4107257464999
8,1,7,701.7193483529721
8,1,8,640.9443728708646
8,1,9,1186.6841231030935
8,1,10,727.5393543770775
8,1,11,839.6427006025535
8,1,12,910.135630294264
8,1,13,652.937034906864
8,1,14,585.7359297210642
8,1,15,570.3802726944898
8,1,16,743.8334478415923
8,1,17,715.462126150574
8,1,18,581.9171469325373
8,1,19,377.22445485815416
8,1,20,236.71900415846102
8,1,21,207.79575914093513
8,1,22,147.02360967041503
8,1,23,169.41047991551602
8,2,0,131.29142174636115
8,2,1,133.0704656895081
8,2,2,141.14210080825592
8,2,3,126.24123992466674
8,2,4,186.2103545940253
8,2,5,269.24490335208685
8,2,6,373.645587738555
8,2,7,522.0178412848021
8,2,8,538.7807163802597
8,2,9,514.5529274056969
8,2,10,542.3215459914743
8,2,11,659.7806161735072
8,2,12,527.845918064198
8,2,13,551.2302706726593
8,2,14,563.2489282647091
8,2,15,530.0364955787693
8,2,16,541.06538814208
8,2,17,524.2548232772458
8,2,18,500.16687959616644
8,2,19,290.87300006340905
8,2,20,234.73287017339177
8,2,21,142.91550544578195
8,2,22,138.16590903399134
8,2,23,133.07896081121626
8,3,0,136.6881025726027
8,3,1,126.12168482177823
8,3,2,129.08205262297318
8,3,3,126.14901036898615
8,3,4,150.4240008188576
8,3,5,256.8321741669695
8,3,6,439.59841301299275
8,3,7,388.6013063206155
8,3,8,603.2406153561127
8,3,9,462.03562420609535
8,3,10,767.4468621515703
8,3,11,837.9778766918478
8,3,12,1415.8506621209729
8,3,13,1441.1348960899911
8,3,14,1436.928472260101
8,3,15,1391.7175741898013
8,3,16,1562.4051586392627
8,3,17,1500.6175008077892
8,3,18,1176.7756628299323
8,3,19,382.8667071703896
8,3,20,280.2724613818896
8,3,21,174.7630861995309
8,3,22,154.06590144748992
8,3,23,136.56812595277438
8,4,0,133.55570147893795
8,4,1,145.5130088933576
8,4,2,140.47838061657794
8,4,3,148.28369687682317
8,4,4,158.7308758922805
8,4,5,271.9872808925535
8,4,6,336.6528494043606
8,4,7,466.36957654755054
8,4,8,604.3377256934905
8,4,9,645.8475964829433
8,4,10,831.385114963234
8,4,11,743.715897734531
8,4,12,1258.3157937200767
8,4,13,952.0818549124488
8,4,14,1234.635349477964
8,4,15,1445.7516591926437
8,4,16,933.8975305071245
8,4,17,824.5825612523099
8,4,18,573.0365161110591
8,4,19,374.7353269986705
8,4,20,245.73490244450306
8,4,21,238.45856124246924
8,4,22,201.60422095185808
8,4,23,168.11419623749958
8,5,0,136.62744799483144
8,5,1,151.87673065333985
8,5,2,124.1588728124933
8,5,3,142.86805183880028
8,5,4,133.3100002344648
8,5,5,151.4973264088898
8,5,6,161.00373268546625
8,5,7,332.21666236632996
8,5,8,1232.7757511099533
8,5,9,838.1821340398909
8,5,10,809.6556952531648
8,5,11,792.9988412637949
8,5,12,967.0339116313266
8,5,13,1068.5296217537593
8,5,14,949.1258287028461
8,5,15,1021.3679531858638
8,5,16,1067.7060455977821
8,5,17,688.6234177371273
8,5,18,545.3673745250494
8,5,19,287.9893271407957
8,5,20,224.4526347297017
8,5,21,314.95782624449987
8,5,22,195.7402149375166
8,5,23,165.38072562065702
8,6,0,143.30592233204072
8,6,1,151.100817571354
8,6,2,141.88001433899922
8,6,3,154.11085382239725
8,6,4,137.5879420081873
8,6,5,168.13063848324745
8,6,6,309.44526105100897
8,6,7,842.2300097010741
8,6,8,1114.338688986802
8,6,9,584.8672470126644
8,6,10,492.8576316660164
8,6,11,591.7738590576844
8,6,12,687.280272433584
8,6,13,771.991864996978
8,6,14,552.6062986535027
8,6,15,543.539708376468
8,6,16,813.4446890359424
8,6,17,618.1268952503344
8,6,18,621.4782504397391
8,6,19,391.7962477776854
8,6,20,290.98944648663405
8,6,21,215.13632712167487
8,6,22,170.1219713255963
8,6,23,145.6686611204125
9,0,0,115.63403472116272
9,0,1,119.13953338341054
9,0,2,119.668533870425
9,0,3,130.17002304860915
9,0,4,151.83007698958858
9,0,5,249.9173799665899
9,0,6,301.4963090829499
9,0,7,337.6344696564372
9,0,8,354.21811245411044
9,0,9,287.2431023334066
9,0,10,549.9285161012344
9,0,11,1296.5525492252048
9,0,12,543.0708904439902
9,0,13,528.5154554560163
9,0,14,517.6462832734753
9,0,15,453.7383908193919
9,0,16,454.2096449060171
9,0,17,380.25122394177737
9,0,18,459.53058530535685
9,0,19,311.18896922907396
9,0,20,237.5317706772198
9,0,21,150.2271467028613
9,0,22,132.029988935284
9,0,23,133.49742505928398
9,1,0,128.81464487057693
9,1,1,128.88580606701584
9,1,2,132.6542312793664
9,1,3,133.92378069827026
9,1,4,181.55669195067784
9,1,5,256.9837933689128
9,1,6,459.28515931872255
9,1,7,399.4431069383544
9,1,8,394.3789593597669
9,1,9,1044.3373980433157
9,1,10,1205.053595124342
9,1,11,1393.9753177942127
9,1,12,652.2620169503941
9,1,13,533.1329603357558
9,1,14,577.1256210550006
9,1,15,517.4020441485497
9,1,16,586.0239077959066
9,1,17,489.12788662807134
9,1,18,319.192203728899
9,1,19,307.78556697883437
9,1,20,250.08761538241407
9,1,21,170.9153533801194
9,1,22,140.06960673893087
9,1,23,129.1120121896658
9,2,0,142.6379016122829
9,2,1,131.28314615703647
9,2,2,128.98314409229295
9,2,3,136.29873502453702
9,2,4,166.03637274417315
9,2,5,255.3925865761416
9,2,6,380.05545716611243
9,2,7,436.23487905576144
9,2,8,492.6785529583326
9,2,9,587.3659967484472
9,2,10,575.4845406809887
9,2,11,859.8332090507877
9,2,12,1220.799030001712
9,2,13,770.2766108375408
9,2,14,483.17689639406245
9,2,15,319.15557695998655
9,2,16,561.3128542518481
9,2,17,475.7186455009652
9,2,18,425.69703879337806
9,2,19,291.4823120673169
9,2,20,257.07753010596366
9,2,21,174.09583232066197
9,2,22,132.12508365549607
9,2,23,130.93615516662996
9,3,0,129.88822580612555
9,3,1,130.48860561854323
9,3,2,126.72182431470137
9,3,3,129.0004529134984
9,3,4,158.611176217543
9,3,5,263.11473998128827
9,3,6,381.49117017441085
9,3,7,454.77496543470977
9,3,8,475.7261348416759
9,3,9,573.7144095658755
9,3,10,866.5208236622318
9,3,11,807.1529047606421
9,3,12,696.7990724661022
9,3,13,480.84604610613405
9,3,14,475.64204943624003
9,3,15,370.9834140901454
9,3,16,422.2158130765537
9,3,17,567.8690761106461
9,3,18,351.2090128766474
9,3,19,297.63713404429313
9,3,20,257.51885127770305
9,3,21,164.6126656494034
9,3,22,126.37469554885143
9,3,23,130.10479726563761
9,4,0,124.3136678274977
9,4,1,129.32131774989017
9,4,2,124.89793322720115
9,4,3,125.58267011607158
9,4,4,143.3701900259614
9,4,5,229.84276099133646
9,4,6,355.5154541347809
9,4,7,501.91513226668013
9,4,8,469.76140915373355
9,4,9,560.2011459183344
9,4,10,549.1756297019429
9,4,11,786.7335879194493
9,4,12,519.3600724013552
9,4,13,490.9133690193598
9,4,14,374.867555965918
9,4,15,401.81145513533806
9,4,16,457.48841928155446
9,4,17,550.8269820701136
9,4,18,308.53267152956766
9,4,19,249.10953003502289
9,4,20,217.91518686905619
9,4,21,182.91897780284776
9,4,22,151.35023818735615
9,4,23,138.60466889472266
9,5,0,123.24238732154657
9,5,1,127.26944783829013
9,5,2,126.33883512341025
9,5,3,124.50185387720126
9,5,4,132.4843229193819
9,5,5,138.6119309425785
9,5,6,142.69074078877316
9,5,7,378.5119895044527
9,5,8,322.79363214986074
9,5,9,418.5830063502539
9,5,10,474.9269447542737
9,5,11,363.8187260918081
9,5,12,591.3060940989736
9,5,13,645.1447683792362
9,5,14,690.917025851959
9,5,15,588.1209623054028
9,5,16,502.36714917986575
9,5,17,622.2564692605602
9,5,18,237.8611866270142
9,5,19,236.24169045825357
9,5,20,242.11627712211975
9,5,21,183.07611936098095
9,5,22,126.44458055746446
9,5,23,121.36710200202762
9,6,0,126.22355575360152
9,6,1,122.74817477862157
9,6,2,129.79068217299744
9,6,3,122.3544626064714
9,6,4,125.49913153033972
9,6,5,128.97904924113897
9,6,6,147.0983560631837
9,6,7,312.9869259185871
9,6,8,798.3744767034136
9,6,9,776.8922323058594
9,6,10,793.2279682959648
9,6,11,679.9780412269083
9,6,12,739.9001337557663
9,6,13,436.06712515795977
9,6,14,365.80160239968274
9,6,15,375.4924099212418
9,6,16,700.9528011654548
9,6,17,584.4180437778673
9,6,18,266.38779070225706
9,6,19,264.52166978651235
9,6,20,236.46588459590322
9,6,21,184.1545739084786
9,6,22,130.6323673322554
9,6,23,127.11686340548904
10,0,0,113.65448098759933
10,0,1,112.78600276515972
10,0,2,127.29006979656273
10,0,3,139.07378003138282
10,0,4,229.94158517502422
10,0,5,309.7812830681107
10,0,6,379.3976553724766
10,0,7,318.110455094876
10,0,8,380.94066363676194
10,0,9,273.81678423780465
10,0,10,261.4175072455446
10,0,11,327.3541866492087
10,0,12,557.6954431485349
10,0,13,375.67853698632405
10,0,14,264.17155245120074
10,0,15,263.14105035350315
10,0,16,324.9216920956971
10,0,17,374.9050684730778
10,0,18,330.12867520584217
10,0,19,418.7163665352113
10,0,20,338.6643012369391
10,0,21,204.3584157542567
10,0,22,136.080714296961
10,0,23,128.42829676373287
10,1,0,148.85542473958466
10,1,1,169.56181974319887
10,1,2,168.56530227833426
10,1,3,169.18729906750949
10,1,4,255.88220477650566
10,1,5,302.54759301066855
10,1,6,335.4600690638475
10,1,7,426.6599813717183
10,1,8,365.85117799923444
10,1,9,550.471582988811
10,1,10,404.5819898417893
10,1,11,457.9277150570449
10,1,12,421.8621705759426
10,1,13,412.551768031012
10,1,14,354.820391152873
10,1,15,321.4303968416866
10,1,16,296.95978375445566
10,1,17,615.3620022720347
10,1,18,504.0097558512651
10,1,19,404.62827587036355
10,1,20,276.02734745349954
10,1,21,178.66116161560637
10,1,22,169.3138532843332
10,1,23,145.46397310143055
10,2,0,119.72724496475188
10,2,1,139.9582012592706
10,2,2,145.09863681703342
10,2,3,137.4220232833482
10,2,4,224.80125357178957
10,2,5,248.99404741886707
10,2,6,414.9455476109622
10,2,7,701.3041258562454
10,2,8,483.11741228285837
10,2,9,357.26171968459255
10,2,10,430.3947484072255
10,2,11,667.3752676113988
10,2,12,534.7217795805988
10,2,13,414.5693959507665
10,2,14,362.212677810316
10,2,15,310.3425907952028
10,2,16,364.6668093285791
10,2,17,528.8356032188889
10,2,18,454.8973042469239
10,2,19,425.2000498382273
10,2,20,351.92198708963826
10,2,21,166.00827158832382
10,2,22,126.46167772156058
10,2,23,144.29002252820806
10,3,0,146.38875053270442
10,3,1,138.1695895559876
10,3,2,142.5026579908536
10,3,3,140.38609776239818
10,3,4,213.57759617128835
10,3,5,252.24123890981542
10,3,6,288.8712513013037
10,3,7,462.59927527613877
10,3,8,360.84181013700356
10,3,9,398.6136617185846
10,3,10,323.6034840274268
10,3,11,435.19043614766815
10,3,12,414.2348352332633
10,3,13,388.0072060968685
10,3,14,316.7080063011411
10,3,15,256.1983052332069
10,3,16,250.1967238139341
10,3,17,284.77084046203146
10,3,18,400.19237347143735
10,3,19,467.52263988005546
10,3,20,342.6889261313653
10,3,21,204.0855971939049
10,3,22,152.75996433198077
10,3,23,149.00320671255895
10,4,0,146.9277982862974
10,4,1,147.00071599050253
10,4,2,143.0169157482982
10,4,3,137.45248614367938
10,4,4,175.5720968606866
10,4,5,243.06246738651208
10,4,6,383.7485922507238
10,4,7,451.2126598326801
10,4,8,410.67478636188275
10,4,9,496.7508896406459
10,4,10,590.4914294732445
10,4,11,918.1027362944012
10,4,12,1397.5667020642686
10,4,13,690.3046757256559
10,4,14,480.67254096280624
10,4,15,413.7241633636281
10,4,16,292.78862221543045
10,4,17,318.91507330335696
10,4,18,328.5052344904895
10,4,19,276.6610063018998
10,4,20,248.84131339578823
10,4,21,228.8747051856993
10,4,22,166.15901948185666
10,4,23,151.22311089800962
10,5,0,141.72779410015562
10,5,1,138.50234030159424
10,5,2,132.72915619847078
10,5,3,127.66748726731277
10,5,4,135.42480783053963
10,5,5,152.81615721811588
10,5,6,147.19914428601675
10,5,7,370.18438441979845
10,5,8,224.3752481076934
10,5,9,305.8049497788378
10,5,10,419.1202261333956
10,5,11,337.2983436209986
10,5,12,164.29623619815618
10,5,13,166.5810083124329
10,5,14,206.4370909928082
10,5,15,141.91322233422625
10,5,16,355.99320279796734
10,5,17,417.7618739527571
10,5,18,315.2917745817926
10,5,19,293.7018695845228
10,5,20,271.5484745130671
10,5,21,226.37576777422973
10,5,22,132.99704278170012
10,5,23,140.42889277517335
10,6,0,116.31014386673024
10,6,1,132.50471759806996
10,6,2,117.1095272523681
10,6,3,120.76608567954904
10,6,4,119.14256823881723
10,6,5,146.7182657779932
10,6,6,132.82258367341643
10,6,7,318.1184367429811
10,6,8,398.5886510471804
10,6,9,352.0785056067748
10,6,10,371.0646168325094
10,6,11,314.4241144676582
10,6,12,397.40657207409413
10,6,13,351.8440403007045
10,6,14,402.231240763915
10,6,15,372.66322571854437
10,6,16,268.29944119512334
10,6,17,327.754764353816
10,6,18,353.90922377321135
10,6,19,339.87532836206526
10,6,20,293.00535400427964
10,6,21,262.5906376333726
10,6,22,173.23726842354378
10,6,23,131.9789026550448
11,0,0,176.23115244685536
11,0,1,169.97494286735238
11,0,2,154.23858537225024
11,0,3,159.39930686803902
11,0,4,271.6150762736051
11,0,5,233.76636959257803
11,0,6,293.93788492770324
11,0,7,334.65701717864164
11,0,8,314.4691504863347
11,0,9,301.421622772925
11,0,10,369.42591604195536
11,0,11,288.47887224296653
11,0,12,248.60089249837182
11,0,13,237.24671543456589
11,0,14,216.98027219804433
11,0,15,260.64226933173444
11,0,16,312.25342322071026
11,0,17,333.9757650414814
11,0,18,386.3737794000936
11,0,19,332.44126922905957
11,0,20,327.9839337732933
11,0,21,285.1233662056546
11,0,22,204.4139462048995
11,0,23,209.4365218266596
11,1,0,168.16748928437755
11,1,1,161.4096375681553
11,1,2,159.7813181282085
11,1,3,146.65463630330737
11,1,4,259.0682201736172
11,1,5,204.34079624151659
11,1,6,303.6851190951342
11,1,7,459.16935325734346
11,1,8,452.2350654164334
11,1,9,444.5182389656123
11,1,10,441.2490333073396
11,1,11,549.548480670422
11,1,12,437.8858405209189
11,1,13,445.196344536047
11,1,14,337.3234058404207
11,1,15,347.1273432011666
11,1,16,413.87221061340915
11,1,17,348.50106439562376
11,1,18,446.82198269900016
11,1,19,416.58630491690155
11,1,20,373.4646537032109
11,1,21,288.29235958823114
11,1,22,186.58409188564622
11,1,23,175.2160042733605
11,2,0,184.18920607298583
11,2,1,171.51439079107254
11,2,2,168.6181039355515
11,2,3,177.27615147722912
11,2,4,253.106274193896
11,2,5,216.11657737309707
11,2,6,313.1913773214136
11,2,7,335.54592083564654
11,2,8,304.5199895429841
11,2,9,240.48162084771852
11,2,10,249.71257298260863
11,2,11,241.6895586379038
11,2,12,236.9903448890082
11,2,13,243.9689142595472
11,2,14,219.2615008690805
11,2,15,244.9881337609618
11,2,16,242.50502243783626
11,2,17,265.3359137908956
11,2,18,310.9934928823551
11,2,19,240.60295704381224
11,2,20,243.26782849976024
11,2,21,219.0232766493081
11,2,22,184.93611078982465
11,2,23,206.7527625697806
11,3,0,175.23426711924293
11,3,1,152.07619392408813
11,3,2,169.23279772281418
11,3,3,169.21077425227367
11,3,4,264.9291912340169
11,3,5,236.41902808116805
11,3,6,233.69659351146453
11,3,7,228.0810213095255
11,3,8,234.96914459845146
11,3,9,247.35004585794093
11,3,10,250.36164332983518
11,3,11,241.85404160168898
11,3,12,322.48701307946874
11,3,13,309.1984567535512
11,3,14,308.1682403430759
11,3,15,262.6976273279005
11,3,16,276.59525554846294
11,3,17,270.23909107679526
11,3,18,237.95693071861845
11,3,19,294.3822760988576
11,3,20,380.3117896089593
11,3,21,343.07301836154573
11,3,22,230.5752627083246
11,3,23,168.32857028393062
11,4,0,166.45570212572392
11,4,1,172.21483498312767
11,4,2,159.5753984963673
11,4,3,165.97000767290183
11,4,4,186.0339841733383
11,4,5,272.9460000616484
11,4,6,304.80885683403267
11,4,7,347.78112729305883
11,4,8,293.18802646367396
11,4,9,272.9882229182384
11,4,10,266.6512467085772
11,4,11,255.5702932159752
11,4,12,233.99653403250971
11,4,13,308.9822449114164
11,4,14,287.2876289284561
11,4,15,294.14803718486854
11,4,16,262.4163094572893
11,4,17,294.7604019124639
11,4,18,277.17894389045625
11,4,19,304.3524759569001
11,4,20,345.3063824231974
11,4,21,244.9028273589072
11,4,22,220.50667366407896
11,4,23,214.4694681764663
11,5,0,186.7745631207302
11,5,1,176.59674775382626
11,5,2,156.85969149314388
11,5,3,152.38827692574864
11,5,4,205.21851332273195
11,5,5,154.2026078968396
11,5,6,163.25301865890935
11,5,7,337.8253283772199
11,5,8,656.1846403464658
11,5,9,364.9448454163853
11,5,10,318.1705858075095
11,5,11,296.5835372768833
11,5,12,530.5281712998976
11,5,13,287.33635778771475
11,5,14,253.75245519508232
11,5,15,318.7318611892167
11,5,16,250.47767720521614
11,5,17,284.21234509892537
11,5,18,321.03910989145555
11,5,19,237.54744251739885
11,5,20,255.75794215378914
11,5,21,275.896761311742
11,5,22,223.15900060314073
11,5,23,203.41969113514477
11,6,0,166.26710074654108
11,6,1,166.95353910862184
11,6,2,170.8797700442213
11,6,3,153.4536484579546
11,6,4,158.69051799543476
11,6,5,157.3816933166206
11,6,6,156.68548989358305
11,6,7,314.9358104657191
11,6,8,327.41367179798857
11,6,9,253.47859952435687
11,6,10,268.95670754851966
11,6,11,245.7895858564791
11,6,12,243.51147218067166
11,6,13,247.0261404028159
11,6,14,256.18194687872966
11,6,15,231.29510571234783
11,6,16,278.5062033753656
11,6,17,318.65052811036094
11,6,18,455.51405161816047
11,6,19,324.1012996888886
11,6,20,258.75349282504277
11,6,21,243.6855747551225
11,6,22,181.73501118134448
11,6,23,160.27359243793902
12,0,0,212.7836067461007
12,0,1,186.7134385792371
12,0,2,175.2279842369739
12,0,3,174.14727339773754
12,0,4,274.2554140284053
12,0,5,271.69766483012086
12,0,6,233.69827683503632
12,0,7,310.5528898054671
12,0,8,442.5528757139989
12,0,9,420.33504194980765
12,0,10,397.0055540006011
12,0,11,366.02067290554373
12,0,12,343.59611723682895
12,0,13,328.83670169311534
12,0,14,420.4516890949524
12,0,15,265.7604168026958
12,0,16,381.9651565518753
12,0,17,423.98916994413617
12,0,18,712.5697330949633
12,0,19,395.1379388069546
12,0,20,415.668672398765
12,0,21,306.37092143773486
12,0,22,245.61430759484983
12,0,23,199.4179509331122
12,1,0,191.10634636235397
12,1,1,184.1129688409743
12,1,2,173.4604502068322
12,1,3,179.7077409479952
12,1,4,262.61124716961444
12,1,5,216.16206585774353
12,1,6,275.9801616691749
12,1,7,349.7407610611283
12,1,8,640.9618819568141
12,1,9,511.66050726784795
12,1,10,488.1461877565961
12,1,11,439.51586256763676
12,1,12,437.87813177603186
12,1,13,435.9396012108528
12,1,14,414.567842877866
12,1,15,416.03596742158413
12,1,16,491.29919889940913
12,1,17,690.2941824660095
12,1,18,664.1918692741499
12,1,19,860.6446233707996
12,1,20,445.0476982878581
12,1,21,381.737107392564
12,1,22,246.85200450629847
12,1,23,203.28900864388976
12,2,0,183.25125903465852
12,2,1,186.67743645152206
12,2,2,180.3694353691283
12,2,3,176.11441284131072
12,2,4,280.29539453828244
12,2,5,327.87718831887946
12,2,6,283.3955806905091
12,2,7,393.2792445658316
12,2,8,502.39718609320454
12,2,9,436.9440595261036
12,2,10,420.132235024667
12,2,11,438.1523894135507
12,2,12,664.1990014485914
12,2,13,427.0627895520047
12,2,14,494.6648580248977
12,2,15,413.10104997220935
12,2,16,545.7421463677562
12,2,17,737.8426280068636
12,2,18,800.8281143572334
12,2,19,471.6743339612857
12,2,20,397.8633712970521
12,2,21,358.1068444071059
12,2,22,237.51819719892848
12,2,23,202.2192133378624
12,3,0,195.93998498050158
12,3,1,188.02308221429834
12,3,2,180.67895033064696
12,3,3,198.0402232757059
12,3,4,293.8684888314009
12,3,5,229.41460115261788
12,3,6,296.2399858946667
12,3,7,398.06117816010544
12,3,8,532.1012065165625
12,3,9,440.19468012786194
12,3,10,410.62048396804266
12,3,11,601.6554462934776
12,3,12,542.9321464729144
12,3,13,406.37256519017325
12,3,14,421.8338228344262
12,3,15,396.6964717185517
12,3,16,375.2488104123882
12,3,17,728.7824576659608
12,3,18,682.1859425506154
12,3,19,352.79582240460627
12,3,20,435.05926792985804
12,3,21,284.91525781310537
12,3,22,257.5011253603161
12,3,23,221.7060661099131
12,4,0,191.22445463890796
12,4,1,177.5586474953276
12,4,2,155.93473849215462
12,4,3,168.24027615385927
12,4,4,168.50352329062258
12,4,5,268.0613018779219
12,4,6,275.8983779692846
12,4,7,380.3212455307504
12,4,8,394.94478364653355
12,4,9,671.7863666975989
12,4,10,498.0202356565518
12,4,11,412.2919539035448
12,4,12,468.8442952524399
12,4,13,359.5597702160491
12,4,14,353.0895292409873
12,4,15,382.57011115000466
12,4,16,392.20285098903116
12,4,17,458.61217938332084
12,4,18,428.6297702145872
12,4,19,486.7242311552026
12,4,20,381.56741905259776
12,4,21,253.06593123759183
12,4,22,281.13757712643815
12,4,23,261.0096931266478
12,5,0,236.53337431740977
12,5,1,211.06599545606792
12,5,2,168.19551909105542
12,5,3,162.1198949435197
12,5,4,188.08684035405923
12,5,5,178.8755140858331
12,5,6,179.19934849071183
12,5,7,359.1447954617738
12,5,8,329.38793436862863
12,5,9,683.8101175704218
12,5,10,541.0018747573623
12,5,11,752.1741250596768
12,5,12,709.0432141298235
12,5,13,594.7440684545794
12,5,14,354.73546550747176
12,5,15,291.2334966955792
12,5,16,527.0333403295906
12,5,17,784.6408208765517
12,5,18,435.3137480839103
12,5,19,391.0624675341769
12,5,20,441.0861592790139
12,5,21,404.58805409987485
12,5,22,268.19694696407544
12,5,23,203.59549486896688
12,6,0,181.4348999336998
12,6,1,180.93210122446948
12,6,2,185.13695292947926
12,6,3,182.24364563703472
12,6,4,197.6344232034752
12,6,5,185.44605965711446
12,6,6,180.62684080615827
12,6,7,301.57149033245025
12,6,8,607.5237203478964
12,6,9,776.1764997784159
12,6,10,617.3856250240615
12,6,11,618.2484014475535
12,6,12,443.6857403941101
12,6,13,377.6938463479752
12,6,14,463.50547379837724
12,6,15,575.7790462507298
12,6,16,595.4272851782273
12,6,17,803.4131478042111
12,6,18,578.6185045879683
12,6,19,501.2573378337506
12,6,20,392.5735622959363
12,6,21,309.084342178644
12,6,22,242.8646060568024
12,6,23,265.1902063901746
